<graphml>
<graph edgedefault="directed">
<key id="term" for="node" attr.name="term" attr.type="string"/>
<key id="module" for="node" attr.name="module" attr.type="int"/>
<key id="distance" for="edge" attr.name="distance" attr.type="float"/>
<node id="1">
 <data key="term">achiev</data>
 <data key="module">1</data>
</node>
<node id="2">
 <data key="term">among</data>
 <data key="module">1</data>
</node>
<node id="3">
 <data key="term">analysi</data>
 <data key="module">1</data>
</node>
<node id="4">
 <data key="term">applic</data>
 <data key="module">2</data>
</node>
<node id="5">
 <data key="term">approach</data>
 <data key="module">3</data>
</node>
<node id="6">
 <data key="term">architectur</data>
 <data key="module">3</data>
</node>
<node id="7">
 <data key="term">author</data>
 <data key="module">1</data>
</node>
<node id="8">
 <data key="term">base</data>
 <data key="module">3</data>
</node>
<node id="9">
 <data key="term">better</data>
 <data key="module">1</data>
</node>
<node id="10">
 <data key="term">between</data>
 <data key="module">1</data>
</node>
<node id="11">
 <data key="term">both</data>
 <data key="module">1</data>
</node>
<node id="12">
 <data key="term">case</data>
 <data key="module">1</data>
</node>
<node id="13">
 <data key="term">chang</data>
 <data key="module">1</data>
</node>
<node id="14">
 <data key="term">compani</data>
 <data key="module">1</data>
</node>
<node id="15">
 <data key="term">compar</data>
 <data key="module">1</data>
</node>
<node id="16">
 <data key="term">comput</data>
 <data key="module">1</data>
</node>
<node id="17">
 <data key="term">current</data>
 <data key="module">3</data>
</node>
<node id="18">
 <data key="term">data</data>
 <data key="module">3</data>
</node>
<node id="19">
 <data key="term">databas</data>
 <data key="module">3</data>
</node>
<node id="20">
 <data key="term">decis</data>
 <data key="module">1</data>
</node>
<node id="21">
 <data key="term">describ</data>
 <data key="module">3</data>
</node>
<node id="22">
 <data key="term">design</data>
 <data key="module">3</data>
</node>
<node id="23">
 <data key="term">determin</data>
 <data key="module">1</data>
</node>
<node id="24">
 <data key="term">develop</data>
 <data key="module">2</data>
</node>
<node id="25">
 <data key="term">differ</data>
 <data key="module">1</data>
</node>
<node id="26">
 <data key="term">direct</data>
 <data key="module">1</data>
</node>
<node id="27">
 <data key="term">each</data>
 <data key="module">2</data>
</node>
<node id="28">
 <data key="term">effect</data>
 <data key="module">1</data>
</node>
<node id="29">
 <data key="term">environ</data>
 <data key="module">1</data>
</node>
<node id="30">
 <data key="term">evalu</data>
 <data key="module">3</data>
</node>
<node id="31">
 <data key="term">examin</data>
 <data key="module">1</data>
</node>
<node id="32">
 <data key="term">execut</data>
 <data key="module">3</data>
</node>
<node id="33">
 <data key="term">exist</data>
 <data key="module">2</data>
</node>
<node id="34">
 <data key="term">expert</data>
 <data key="module">1</data>
</node>
<node id="35">
 <data key="term">extens</data>
 <data key="module">3</data>
</node>
<node id="36">
 <data key="term">find</data>
 <data key="module">1</data>
</node>
<node id="37">
 <data key="term">function</data>
 <data key="module">1</data>
</node>
<node id="38">
 <data key="term">futur</data>
 <data key="module">1</data>
</node>
<node id="39">
 <data key="term">gener</data>
 <data key="module">3</data>
</node>
<node id="40">
 <data key="term">group</data>
 <data key="module">1</data>
</node>
<node id="41">
 <data key="term">how</data>
 <data key="module">3</data>
</node>
<node id="42">
 <data key="term">identifi</data>
 <data key="module">1</data>
</node>
<node id="43">
 <data key="term">implement</data>
 <data key="module">3</data>
</node>
<node id="44">
 <data key="term">import</data>
 <data key="module">3</data>
</node>
<node id="45">
 <data key="term">increas</data>
 <data key="module">2</data>
</node>
<node id="46">
 <data key="term">individu</data>
 <data key="module">3</data>
</node>
<node id="47">
 <data key="term">inform</data>
 <data key="module">1</data>
</node>
<node id="48">
 <data key="term">inform system</data>
 <data key="module">1</data>
</node>
<node id="49">
 <data key="term">inform technolog</data>
 <data key="module">1</data>
</node>
<node id="50">
 <data key="term">knowledg</data>
 <data key="module">2</data>
</node>
<node id="51">
 <data key="term">larg</data>
 <data key="module">1</data>
</node>
<node id="52">
 <data key="term">level</data>
 <data key="module">1</data>
</node>
<node id="53">
 <data key="term">mai</data>
 <data key="module">1</data>
</node>
<node id="54">
 <data key="term">main</data>
 <data key="module">3</data>
</node>
<node id="55">
 <data key="term">main memori</data>
 <data key="module">3</data>
</node>
<node id="56">
 <data key="term">major</data>
 <data key="module">2</data>
</node>
<node id="57">
 <data key="term">manag</data>
 <data key="module">3</data>
</node>
<node id="58">
 <data key="term">mani</data>
 <data key="module">2</data>
</node>
<node id="59">
 <data key="term">market</data>
 <data key="module">1</data>
</node>
<node id="60">
 <data key="term">memori</data>
 <data key="module">3</data>
</node>
<node id="61">
 <data key="term">model</data>
 <data key="module">3</data>
</node>
<node id="62">
 <data key="term">need</data>
 <data key="module">1</data>
</node>
<node id="63">
 <data key="term">new</data>
 <data key="module">2</data>
</node>
<node id="64">
 <data key="term">number</data>
 <data key="module">2</data>
</node>
<node id="65">
 <data key="term">offer</data>
 <data key="module">1</data>
</node>
<node id="66">
 <data key="term">oper</data>
 <data key="module">3</data>
</node>
<node id="67">
 <data key="term">optim</data>
 <data key="module">3</data>
</node>
<node id="68">
 <data key="term">organ</data>
 <data key="module">1</data>
</node>
<node id="69">
 <data key="term">organiz</data>
 <data key="module">1</data>
</node>
<node id="70">
 <data key="term">our</data>
 <data key="module">3</data>
</node>
<node id="71">
 <data key="term">paper</data>
 <data key="module">3</data>
</node>
<node id="72">
 <data key="term">paper present</data>
 <data key="module">3</data>
</node>
<node id="73">
 <data key="term">perform</data>
 <data key="module">3</data>
</node>
<node id="74">
 <data key="term">potenti</data>
 <data key="module">1</data>
</node>
<node id="75">
 <data key="term">present</data>
 <data key="module">3</data>
</node>
<node id="76">
 <data key="term">problem</data>
 <data key="module">3</data>
</node>
<node id="77">
 <data key="term">process</data>
 <data key="module">1</data>
</node>
<node id="78">
 <data key="term">project</data>
 <data key="module">3</data>
</node>
<node id="79">
 <data key="term">propos</data>
 <data key="module">2</data>
</node>
<node id="80">
 <data key="term">provid</data>
 <data key="module">3</data>
</node>
<node id="81">
 <data key="term">queri</data>
 <data key="module">3</data>
</node>
<node id="82">
 <data key="term">reason</data>
 <data key="module">3</data>
</node>
<node id="83">
 <data key="term">relat</data>
 <data key="module">3</data>
</node>
<node id="84">
 <data key="term">relationship</data>
 <data key="module">1</data>
</node>
<node id="85">
 <data key="term">report</data>
 <data key="module">1</data>
</node>
<node id="86">
 <data key="term">research</data>
 <data key="module">1</data>
</node>
<node id="87">
 <data key="term">respons</data>
 <data key="module">1</data>
</node>
<node id="88">
 <data key="term">result</data>
 <data key="module">3</data>
</node>
<node id="89">
 <data key="term">role</data>
 <data key="module">1</data>
</node>
<node id="90">
 <data key="term">servic</data>
 <data key="module">1</data>
</node>
<node id="91">
 <data key="term">set</data>
 <data key="module">2</data>
</node>
<node id="92">
 <data key="term">sever</data>
 <data key="module">1</data>
</node>
<node id="93">
 <data key="term">show</data>
 <data key="module">3</data>
</node>
<node id="94">
 <data key="term">signific</data>
 <data key="module">1</data>
</node>
<node id="95">
 <data key="term">specif</data>
 <data key="module">1</data>
</node>
<node id="96">
 <data key="term">structur</data>
 <data key="module">1</data>
</node>
<node id="97">
 <data key="term">studi</data>
 <data key="module">1</data>
</node>
<node id="98">
 <data key="term">suggest</data>
 <data key="module">1</data>
</node>
<node id="99">
 <data key="term">support</data>
 <data key="module">1</data>
</node>
<node id="100">
 <data key="term">system</data>
 <data key="module">3</data>
</node>
<node id="101">
 <data key="term">techniqu</data>
 <data key="module">3</data>
</node>
<node id="102">
 <data key="term">technolog</data>
 <data key="module">1</data>
</node>
<node id="103">
 <data key="term">these</data>
 <data key="module">1</data>
</node>
<node id="104">
 <data key="term">through</data>
 <data key="module">2</data>
</node>
<node id="105">
 <data key="term">time</data>
 <data key="module">2</data>
</node>
<node id="106">
 <data key="term">tool</data>
 <data key="module">1</data>
</node>
<node id="107">
 <data key="term">tradit</data>
 <data key="module">3</data>
</node>
<node id="108">
 <data key="term">transact</data>
 <data key="module">1</data>
</node>
<node id="109">
 <data key="term">two</data>
 <data key="module">3</data>
</node>
<node id="110">
 <data key="term">type</data>
 <data key="module">3</data>
</node>
<node id="111">
 <data key="term">understand</data>
 <data key="module">1</data>
</node>
<node id="112">
 <data key="term">us</data>
 <data key="module">3</data>
</node>
<node id="113">
 <data key="term">user</data>
 <data key="module">1</data>
</node>
<node id="114">
 <data key="term">variabl</data>
 <data key="module">1</data>
</node>
<node id="115">
 <data key="term">variou</data>
 <data key="module">1</data>
</node>
<node id="116">
 <data key="term">well</data>
 <data key="module">3</data>
</node>
<node id="117">
 <data key="term">within</data>
 <data key="module">2</data>
</node>
<edge source="1" target="112"><data key="distance">0.7058821</data> </edge>
<edge source="2" target="51"><data key="distance">0.7599995</data> </edge>
<edge source="2" target="100"><data key="distance">1.0547509</data> </edge>
<edge source="3" target="42"><data key="distance">0.91304445</data> </edge>
<edge source="3" target="108"><data key="distance">0.91304445</data> </edge>
<edge source="4" target="104"><data key="distance">0.7424245</data> </edge>
<edge source="4" target="105"><data key="distance">0.8602954</data> </edge>
<edge source="4" target="112"><data key="distance">0.73359203</data> </edge>
<edge source="5" target="8"><data key="distance">0.45833397</data> </edge>
<edge source="5" target="75"><data key="distance">0.43617082</data> </edge>
<edge source="6" target="37"><data key="distance">0.6666666</data> </edge>
<edge source="6" target="43"><data key="distance">0.33333337</data> </edge>
<edge source="7" target="59"><data key="distance">0.22222197</data> </edge>
<edge source="8" target="5"><data key="distance">0.45833397</data> </edge>
<edge source="9" target="14"><data key="distance">0.8103447</data> </edge>
<edge source="9" target="101"><data key="distance">0.81318736</data> </edge>
<edge source="10" target="47"><data key="distance">0.5686275</data> </edge>
<edge source="10" target="53"><data key="distance">0.7023797</data> </edge>
<edge source="10" target="84"><data key="distance">0.62963057</data> </edge>
<edge source="11" target="52"><data key="distance">0.91304445</data> </edge>
<edge source="12" target="74"><data key="distance">0.81818175</data> </edge>
<edge source="13" target="63"><data key="distance">0.904762</data> </edge>
<edge source="14" target="9"><data key="distance">0.8103447</data> </edge>
<edge source="14" target="84"><data key="distance">0.4933331</data> </edge>
<edge source="15" target="109"><data key="distance">0.81621706</data> </edge>
<edge source="16" target="100"><data key="distance">0.7171067</data> </edge>
<edge source="17" target="36"><data key="distance">0.7999985</data> </edge>
<edge source="17" target="88"><data key="distance">0.661538</data> </edge>
<edge source="18" target="67"><data key="distance">0.39393997</data> </edge>
<edge source="19" target="60"><data key="distance">0.27272773</data> </edge>
<edge source="19" target="67"><data key="distance">0.47368515</data> </edge>
<edge source="19" target="70"><data key="distance">0.63742757</data> </edge>
<edge source="19" target="81"><data key="distance">0.24444509</data> </edge>
<edge source="20" target="100"><data key="distance">0.9885696</data> </edge>
<edge source="21" target="35"><data key="distance">0.7999985</data> </edge>
<edge source="22" target="92"><data key="distance">0.7647048</data> </edge>
<edge source="22" target="100"><data key="distance">0.54323614</data> </edge>
<edge source="23" target="97"><data key="distance">0.7142867</data> </edge>
<edge source="24" target="100"><data key="distance">0.49603188</data> </edge>
<edge source="24" target="117"><data key="distance">0.80555606</data> </edge>
<edge source="25" target="50"><data key="distance">0.6153836</data> </edge>
<edge source="26" target="86"><data key="distance">0.84210575</data> </edge>
<edge source="27" target="112"><data key="distance">1.1323507</data> </edge>
<edge source="28" target="33"><data key="distance">0.6666666</data> </edge>
<edge source="28" target="97"><data key="distance">0.49999928</data> </edge>
<edge source="29" target="102"><data key="distance">0.76842165</data> </edge>
<edge source="30" target="78"><data key="distance">0.6379318</data> </edge>
<edge source="31" target="69"><data key="distance">0.6666666</data> </edge>
<edge source="32" target="57"><data key="distance">0.7454536</data> </edge>
<edge source="33" target="28"><data key="distance">0.6666666</data> </edge>
<edge source="34" target="58"><data key="distance">0.81818175</data> </edge>
<edge source="34" target="95"><data key="distance">0.91304445</data> </edge>
<edge source="35" target="21"><data key="distance">0.7999985</data> </edge>
<edge source="35" target="81"><data key="distance">0.75862205</data> </edge>
<edge source="36" target="17"><data key="distance">0.7999985</data> </edge>
<edge source="36" target="38"><data key="distance">0.6071434</data> </edge>
<edge source="37" target="6"><data key="distance">0.6666666</data> </edge>
<edge source="38" target="36"><data key="distance">0.6071434</data> </edge>
<edge source="38" target="98"><data key="distance">0.94444346</data> </edge>
<edge source="39" target="112"><data key="distance">0.58904195</data> </edge>
<edge source="40" target="99"><data key="distance">0.37499952</data> </edge>
<edge source="40" target="114"><data key="distance">0.6666666</data> </edge>
<edge source="41" target="112"><data key="distance">0.6811582</data> </edge>
<edge source="42" target="3"><data key="distance">0.91304445</data> </edge>
<edge source="42" target="84"><data key="distance">0.7142867</data> </edge>
<edge source="42" target="111"><data key="distance">0.6153836</data> </edge>
<edge source="43" target="6"><data key="distance">0.33333337</data> </edge>
<edge source="43" target="67"><data key="distance">0.33333337</data> </edge>
<edge source="44" target="63"><data key="distance">0.8627455</data> </edge>
<edge source="44" target="100"><data key="distance">0.78896</data> </edge>
<edge source="45" target="100"><data key="distance">0.7058821</data> </edge>
<edge source="46" target="100"><data key="distance">0.7058821</data> </edge>
<edge source="47" target="10"><data key="distance">0.5686275</data> </edge>
<edge source="47" target="48"><data key="distance">0.42857146</data> </edge>
<edge source="47" target="49"><data key="distance">0.48148143</data> </edge>
<edge source="47" target="57"><data key="distance">0.6161617</data> </edge>
<edge source="47" target="64"><data key="distance">0.7838763</data> </edge>
<edge source="48" target="47"><data key="distance">0.42857146</data> </edge>
<edge source="48" target="100"><data key="distance">0.5675677</data> </edge>
<edge source="49" target="47"><data key="distance">0.48148143</data> </edge>
<edge source="49" target="102"><data key="distance">0.26315737</data> </edge>
<edge source="50" target="25"><data key="distance">0.6153836</data> </edge>
<edge source="50" target="72"><data key="distance">0.81818175</data> </edge>
<edge source="51" target="2"><data key="distance">0.7599995</data> </edge>
<edge source="52" target="11"><data key="distance">0.91304445</data> </edge>
<edge source="52" target="66"><data key="distance">0.7142867</data> </edge>
<edge source="53" target="10"><data key="distance">0.7023797</data> </edge>
<edge source="54" target="55"><data key="distance">0.15151525</data> </edge>
<edge source="54" target="83"><data key="distance">0.28959203</data> </edge>
<edge source="55" target="54"><data key="distance">0.15151525</data> </edge>
<edge source="55" target="60"><data key="distance">0.06666672</data> </edge>
<edge source="56" target="100"><data key="distance">0.6811582</data> </edge>
<edge source="57" target="32"><data key="distance">0.7454536</data> </edge>
<edge source="57" target="47"><data key="distance">0.6161617</data> </edge>
<edge source="57" target="78"><data key="distance">0.52380955</data> </edge>
<edge source="58" target="34"><data key="distance">0.81818175</data> </edge>
<edge source="58" target="104"><data key="distance">0.6666666</data> </edge>
<edge source="58" target="106"><data key="distance">0.81818175</data> </edge>
<edge source="59" target="7"><data key="distance">0.22222197</data> </edge>
<edge source="59" target="90"><data key="distance">0.86666775</data> </edge>
<edge source="60" target="19"><data key="distance">0.27272773</data> </edge>
<edge source="60" target="55"><data key="distance">0.06666672</data> </edge>
<edge source="60" target="73"><data key="distance">0.44762003</data> </edge>
<edge source="60" target="93"><data key="distance">0.5135143</data> </edge>
<edge source="60" target="107"><data key="distance">0.53846157</data> </edge>
<edge source="60" target="112"><data key="distance">0.5675677</data> </edge>
<edge source="61" target="79"><data key="distance">0.80555606</data> </edge>
<edge source="61" target="100"><data key="distance">0.49603188</data> </edge>
<edge source="62" target="85"><data key="distance">0.86666775</data> </edge>
<edge source="63" target="13"><data key="distance">0.904762</data> </edge>
<edge source="63" target="44"><data key="distance">0.8627455</data> </edge>
<edge source="64" target="47"><data key="distance">0.7838763</data> </edge>
<edge source="65" target="86"><data key="distance">0.84210575</data> </edge>
<edge source="66" target="52"><data key="distance">0.7142867</data> </edge>
<edge source="66" target="102"><data key="distance">0.6</data> </edge>
<edge source="67" target="18"><data key="distance">0.39393997</data> </edge>
<edge source="67" target="19"><data key="distance">0.47368515</data> </edge>
<edge source="67" target="43"><data key="distance">0.33333337</data> </edge>
<edge source="68" target="84"><data key="distance">0.48148143</data> </edge>
<edge source="68" target="87"><data key="distance">0.6666666</data> </edge>
<edge source="68" target="89"><data key="distance">0.49999928</data> </edge>
<edge source="69" target="31"><data key="distance">0.6666666</data> </edge>
<edge source="69" target="84"><data key="distance">0.53846157</data> </edge>
<edge source="70" target="19"><data key="distance">0.63742757</data> </edge>
<edge source="71" target="100"><data key="distance">0.4730165</data> </edge>
<edge source="72" target="50"><data key="distance">0.81818175</data> </edge>
<edge source="72" target="75"><data key="distance">0.45945978</data> </edge>
<edge source="73" target="60"><data key="distance">0.44762003</data> </edge>
<edge source="74" target="12"><data key="distance">0.81818175</data> </edge>
<edge source="74" target="104"><data key="distance">0.81818175</data> </edge>
<edge source="75" target="5"><data key="distance">0.43617082</data> </edge>
<edge source="75" target="72"><data key="distance">0.45945978</data> </edge>
<edge source="75" target="112"><data key="distance">0.47388268</data> </edge>
<edge source="76" target="112"><data key="distance">0.9885696</data> </edge>
<edge source="77" target="112"><data key="distance">0.6320349</data> </edge>
<edge source="78" target="30"><data key="distance">0.6379318</data> </edge>
<edge source="78" target="57"><data key="distance">0.52380955</data> </edge>
<edge source="79" target="61"><data key="distance">0.80555606</data> </edge>
<edge source="80" target="100"><data key="distance">0.36363697</data> </edge>
<edge source="81" target="19"><data key="distance">0.24444509</data> </edge>
<edge source="81" target="35"><data key="distance">0.75862205</data> </edge>
<edge source="82" target="110"><data key="distance">0.66964424</data> </edge>
<edge source="83" target="54"><data key="distance">0.28959203</data> </edge>
<edge source="83" target="115"><data key="distance">0.81318736</data> </edge>
<edge source="84" target="10"><data key="distance">0.62963057</data> </edge>
<edge source="84" target="14"><data key="distance">0.4933331</data> </edge>
<edge source="84" target="42"><data key="distance">0.7142867</data> </edge>
<edge source="84" target="68"><data key="distance">0.48148143</data> </edge>
<edge source="84" target="69"><data key="distance">0.53846157</data> </edge>
<edge source="84" target="97"><data key="distance">0.49068403</data> </edge>
<edge source="85" target="62"><data key="distance">0.86666775</data> </edge>
<edge source="85" target="86"><data key="distance">0.86666775</data> </edge>
<edge source="86" target="26"><data key="distance">0.84210575</data> </edge>
<edge source="86" target="65"><data key="distance">0.84210575</data> </edge>
<edge source="86" target="85"><data key="distance">0.86666775</data> </edge>
<edge source="86" target="114"><data key="distance">0.84210575</data> </edge>
<edge source="87" target="68"><data key="distance">0.6666666</data> </edge>
<edge source="88" target="17"><data key="distance">0.661538</data> </edge>
<edge source="88" target="93"><data key="distance">0.5749991</data> </edge>
<edge source="89" target="68"><data key="distance">0.49999928</data> </edge>
<edge source="90" target="59"><data key="distance">0.86666775</data> </edge>
<edge source="90" target="113"><data key="distance">0.7777778</data> </edge>
<edge source="91" target="100"><data key="distance">0.7171067</data> </edge>
<edge source="92" target="22"><data key="distance">0.7647048</data> </edge>
<edge source="92" target="103"><data key="distance">0.84210575</data> </edge>
<edge source="93" target="60"><data key="distance">0.5135143</data> </edge>
<edge source="93" target="88"><data key="distance">0.5749991</data> </edge>
<edge source="93" target="109"><data key="distance">0.9090891</data> </edge>
<edge source="94" target="98"><data key="distance">0.94444346</data> </edge>
<edge source="95" target="34"><data key="distance">0.91304445</data> </edge>
<edge source="96" target="100"><data key="distance">0.7528882</data> </edge>
<edge source="97" target="23"><data key="distance">0.7142867</data> </edge>
<edge source="97" target="28"><data key="distance">0.49999928</data> </edge>
<edge source="97" target="84"><data key="distance">0.49068403</data> </edge>
<edge source="97" target="114"><data key="distance">0.49999928</data> </edge>
<edge source="98" target="38"><data key="distance">0.94444346</data> </edge>
<edge source="98" target="94"><data key="distance">0.94444346</data> </edge>
<edge source="99" target="40"><data key="distance">0.37499952</data> </edge>
<edge source="100" target="2"><data key="distance">1.0547509</data> </edge>
<edge source="100" target="16"><data key="distance">0.7171067</data> </edge>
<edge source="100" target="20"><data key="distance">0.9885696</data> </edge>
<edge source="100" target="22"><data key="distance">0.54323614</data> </edge>
<edge source="100" target="24"><data key="distance">0.49603188</data> </edge>
<edge source="100" target="44"><data key="distance">0.78896</data> </edge>
<edge source="100" target="45"><data key="distance">0.7058821</data> </edge>
<edge source="100" target="46"><data key="distance">0.7058821</data> </edge>
<edge source="100" target="48"><data key="distance">0.5675677</data> </edge>
<edge source="100" target="56"><data key="distance">0.6811582</data> </edge>
<edge source="100" target="61"><data key="distance">0.49603188</data> </edge>
<edge source="100" target="71"><data key="distance">0.4730165</data> </edge>
<edge source="100" target="80"><data key="distance">0.36363697</data> </edge>
<edge source="100" target="91"><data key="distance">0.7171067</data> </edge>
<edge source="100" target="96"><data key="distance">0.7528882</data> </edge>
<edge source="100" target="110"><data key="distance">0.5466659</data> </edge>
<edge source="100" target="112"><data key="distance">0.31818128</data> </edge>
<edge source="100" target="113"><data key="distance">0.6524228</data> </edge>
<edge source="101" target="9"><data key="distance">0.81318736</data> </edge>
<edge source="102" target="29"><data key="distance">0.76842165</data> </edge>
<edge source="102" target="49"><data key="distance">0.26315737</data> </edge>
<edge source="102" target="66"><data key="distance">0.6</data> </edge>
<edge source="103" target="92"><data key="distance">0.84210575</data> </edge>
<edge source="104" target="4"><data key="distance">0.7424245</data> </edge>
<edge source="104" target="58"><data key="distance">0.6666666</data> </edge>
<edge source="104" target="74"><data key="distance">0.81818175</data> </edge>
<edge source="105" target="4"><data key="distance">0.8602954</data> </edge>
<edge source="106" target="58"><data key="distance">0.81818175</data> </edge>
<edge source="107" target="60"><data key="distance">0.53846157</data> </edge>
<edge source="108" target="3"><data key="distance">0.91304445</data> </edge>
<edge source="109" target="15"><data key="distance">0.81621706</data> </edge>
<edge source="109" target="93"><data key="distance">0.9090891</data> </edge>
<edge source="110" target="82"><data key="distance">0.66964424</data> </edge>
<edge source="110" target="100"><data key="distance">0.5466659</data> </edge>
<edge source="111" target="42"><data key="distance">0.6153836</data> </edge>
<edge source="112" target="1"><data key="distance">0.7058821</data> </edge>
<edge source="112" target="4"><data key="distance">0.73359203</data> </edge>
<edge source="112" target="27"><data key="distance">1.1323507</data> </edge>
<edge source="112" target="39"><data key="distance">0.58904195</data> </edge>
<edge source="112" target="41"><data key="distance">0.6811582</data> </edge>
<edge source="112" target="60"><data key="distance">0.5675677</data> </edge>
<edge source="112" target="75"><data key="distance">0.47388268</data> </edge>
<edge source="112" target="76"><data key="distance">0.9885696</data> </edge>
<edge source="112" target="77"><data key="distance">0.6320349</data> </edge>
<edge source="112" target="100"><data key="distance">0.31818128</data> </edge>
<edge source="112" target="116"><data key="distance">0.6811582</data> </edge>
<edge source="113" target="90"><data key="distance">0.7777778</data> </edge>
<edge source="113" target="100"><data key="distance">0.6524228</data> </edge>
<edge source="114" target="40"><data key="distance">0.6666666</data> </edge>
<edge source="114" target="86"><data key="distance">0.84210575</data> </edge>
<edge source="114" target="97"><data key="distance">0.49999928</data> </edge>
<edge source="115" target="83"><data key="distance">0.81318736</data> </edge>
<edge source="116" target="112"><data key="distance">0.6811582</data> </edge>
<edge source="117" target="24"><data key="distance">0.80555606</data> </edge>
</graph>
</graphml>
