<graphml>
<graph edgedefault="directed">
<key id="term" for="node" attr.name="term" attr.type="string"/>
<key id="module" for="node" attr.name="module" attr.type="int"/>
<key id="distance" for="edge" attr.name="distance" attr.type="float"/>
<node id="5">
 <data key="term">0</data>
 <data key="module">3</data>
</node>
<node id="87">
 <data key="term">bch</data>
 <data key="module">3</data>
</node>
<node id="97">
 <data key="term">binari</data>
 <data key="module">3</data>
</node>
<node id="98">
 <data key="term">bit</data>
 <data key="module">3</data>
</node>
<node id="100">
 <data key="term">block code</data>
 <data key="module">3</data>
</node>
<node id="107">
 <data key="term">c</data>
 <data key="module">3</data>
</node>
<node id="121">
 <data key="term">channel</data>
 <data key="module">3</data>
</node>
<node id="131">
 <data key="term">code</data>
 <data key="module">3</data>
</node>
<node id="133">
 <data key="term">code gener</data>
 <data key="module">3</data>
</node>
<node id="134">
 <data key="term">code length</data>
 <data key="module">3</data>
</node>
<node id="135">
 <data key="term">code present</data>
 <data key="module">3</data>
</node>
<node id="136">
 <data key="term">codeword</data>
 <data key="module">3</data>
</node>
<node id="168">
 <data key="term">construct</data>
 <data key="module">3</data>
</node>
<node id="187">
 <data key="term">curv</data>
 <data key="module">3</data>
</node>
<node id="189">
 <data key="term">cyclic code</data>
 <data key="module">3</data>
</node>
<node id="190">
 <data key="term">d</data>
 <data key="module">3</data>
</node>
<node id="198">
 <data key="term">decod</data>
 <data key="module">3</data>
</node>
<node id="224">
 <data key="term">dimens</data>
 <data key="module">3</data>
</node>
<node id="229">
 <data key="term">distanc</data>
 <data key="module">3</data>
</node>
<node id="237">
 <data key="term">dual</data>
 <data key="module">3</data>
</node>
<node id="251">
 <data key="term">element</data>
 <data key="module">3</data>
</node>
<node id="256">
 <data key="term">encod</data>
 <data key="module">3</data>
</node>
<node id="277">
 <data key="term">exact</data>
 <data key="module">3</data>
</node>
<node id="339">
 <data key="term">give</data>
 <data key="module">3</data>
</node>
<node id="345">
 <data key="term">greater equal</data>
 <data key="module">3</data>
</node>
<node id="350">
 <data key="term">ham</data>
 <data key="module">3</data>
</node>
<node id="366">
 <data key="term">i</data>
 <data key="module">3</data>
</node>
<node id="399">
 <data key="term">integ</data>
 <data key="module">3</data>
</node>
<node id="427">
 <data key="term">lattic</data>
 <data key="module">3</data>
</node>
<node id="440">
 <data key="term">linear code</data>
 <data key="module">3</data>
</node>
<node id="451">
 <data key="term">m</data>
 <data key="module">3</data>
</node>
<node id="562">
 <data key="term">polynomi</data>
 <data key="module">3</data>
</node>
<node id="595">
 <data key="term">q</data>
 <data key="module">3</data>
</node>
<node id="602">
 <data key="term">r</data>
 <data key="module">3</data>
</node>
<node id="619">
 <data key="term">redund</data>
 <data key="module">3</data>
</node>
<node id="670">
 <data key="term">shannon</data>
 <data key="module">3</data>
</node>
<node id="702">
 <data key="term">squar</data>
 <data key="module">3</data>
</node>
<node id="716">
 <data key="term">subcod</data>
 <data key="module">3</data>
</node>
<node id="718">
 <data key="term">subset</data>
 <data key="module">3</data>
</node>
<node id="729">
 <data key="term">symmetr</data>
 <data key="module">3</data>
</node>
<node id="751">
 <data key="term">theorem</data>
 <data key="module">3</data>
</node>
<node id="756">
 <data key="term">these code</data>
 <data key="module">3</data>
</node>
<node id="777">
 <data key="term">trelli</data>
 <data key="module">3</data>
</node>
<node id="786">
 <data key="term">uniform</data>
 <data key="module">3</data>
</node>
<node id="812">
 <data key="term">weight</data>
 <data key="module">3</data>
</node>
<node id="829">
 <data key="term">zero</data>
 <data key="module">3</data>
</node>
<edge source="5" target="131"><data key="distance">1.7882338</data> </edge>
<edge source="87" target="131"><data key="distance">0.8809508</data> </edge>
<edge source="97" target="131"><data key="distance">1.1227052</data> </edge>
<edge source="98" target="131"><data key="distance">1.6415892</data> </edge>
<edge source="100" target="131"><data key="distance">0.8265908</data> </edge>
<edge source="107" target="131"><data key="distance">1.2853382</data> </edge>
<edge source="121" target="131"><data key="distance">1.2834489</data> </edge>
<edge source="131" target="5"><data key="distance">1.7882338</data> </edge>
<edge source="131" target="87"><data key="distance">0.8809508</data> </edge>
<edge source="131" target="97"><data key="distance">1.1227052</data> </edge>
<edge source="131" target="98"><data key="distance">1.6415892</data> </edge>
<edge source="131" target="100"><data key="distance">0.8265908</data> </edge>
<edge source="131" target="107"><data key="distance">1.2853382</data> </edge>
<edge source="131" target="121"><data key="distance">1.2834489</data> </edge>
<edge source="131" target="133"><data key="distance">0.8809508</data> </edge>
<edge source="131" target="134"><data key="distance">0.84795403</data> </edge>
<edge source="131" target="135"><data key="distance">0.8809508</data> </edge>
<edge source="131" target="136"><data key="distance">0.81609166</data> </edge>
<edge source="131" target="168"><data key="distance">1.3069541</data> </edge>
<edge source="131" target="187"><data key="distance">1.6415892</data> </edge>
<edge source="131" target="189"><data key="distance">0.84795403</data> </edge>
<edge source="131" target="190"><data key="distance">1.2308183</data> </edge>
<edge source="131" target="198"><data key="distance">0.5258323</data> </edge>
<edge source="131" target="224"><data key="distance">2.3263147</data> </edge>
<edge source="131" target="229"><data key="distance">0.70004416</data> </edge>
<edge source="131" target="237"><data key="distance">2.2151134</data> </edge>
<edge source="131" target="251"><data key="distance">2.0837169</data> </edge>
<edge source="131" target="256"><data key="distance">1.3170407</data> </edge>
<edge source="131" target="277"><data key="distance">1.6870742</data> </edge>
<edge source="131" target="339"><data key="distance">2.5816104</data> </edge>
<edge source="131" target="345"><data key="distance">1.0568049</data> </edge>
<edge source="131" target="350"><data key="distance">0.90106845</data> </edge>
<edge source="131" target="366"><data key="distance">1.7882338</data> </edge>
<edge source="131" target="399"><data key="distance">1.4784315</data> </edge>
<edge source="131" target="427"><data key="distance">1.402339</data> </edge>
<edge source="131" target="440"><data key="distance">0.75555634</data> </edge>
<edge source="131" target="451"><data key="distance">2.089385</data> </edge>
<edge source="131" target="562"><data key="distance">2.0443163</data> </edge>
<edge source="131" target="595"><data key="distance">1.3382678</data> </edge>
<edge source="131" target="602"><data key="distance">1.2853382</data> </edge>
<edge source="131" target="619"><data key="distance">2.0443163</data> </edge>
<edge source="131" target="670"><data key="distance">1.4784315</data> </edge>
<edge source="131" target="702"><data key="distance">1.6692646</data> </edge>
<edge source="131" target="716"><data key="distance">0.8265908</data> </edge>
<edge source="131" target="718"><data key="distance">2.0029218</data> </edge>
<edge source="131" target="729"><data key="distance">1.6870742</data> </edge>
<edge source="131" target="751"><data key="distance">1.30844</data> </edge>
<edge source="131" target="756"><data key="distance">0.8809508</data> </edge>
<edge source="131" target="777"><data key="distance">0.85362995</data> </edge>
<edge source="131" target="786"><data key="distance">1.4860163</data> </edge>
<edge source="131" target="812"><data key="distance">1.2748675</data> </edge>
<edge source="131" target="829"><data key="distance">1.6692646</data> </edge>
<edge source="133" target="131"><data key="distance">0.8809508</data> </edge>
<edge source="134" target="131"><data key="distance">0.84795403</data> </edge>
<edge source="135" target="131"><data key="distance">0.8809508</data> </edge>
<edge source="136" target="131"><data key="distance">0.81609166</data> </edge>
<edge source="168" target="131"><data key="distance">1.3069541</data> </edge>
<edge source="187" target="131"><data key="distance">1.6415892</data> </edge>
<edge source="189" target="131"><data key="distance">0.84795403</data> </edge>
<edge source="190" target="131"><data key="distance">1.2308183</data> </edge>
<edge source="198" target="131"><data key="distance">0.5258323</data> </edge>
<edge source="224" target="131"><data key="distance">2.3263147</data> </edge>
<edge source="229" target="131"><data key="distance">0.70004416</data> </edge>
<edge source="237" target="131"><data key="distance">2.2151134</data> </edge>
<edge source="251" target="131"><data key="distance">2.0837169</data> </edge>
<edge source="256" target="131"><data key="distance">1.3170407</data> </edge>
<edge source="277" target="131"><data key="distance">1.6870742</data> </edge>
<edge source="339" target="131"><data key="distance">2.5816104</data> </edge>
<edge source="345" target="131"><data key="distance">1.0568049</data> </edge>
<edge source="350" target="131"><data key="distance">0.90106845</data> </edge>
<edge source="366" target="131"><data key="distance">1.7882338</data> </edge>
<edge source="399" target="131"><data key="distance">1.4784315</data> </edge>
<edge source="427" target="131"><data key="distance">1.402339</data> </edge>
<edge source="440" target="131"><data key="distance">0.75555634</data> </edge>
<edge source="451" target="131"><data key="distance">2.089385</data> </edge>
<edge source="562" target="131"><data key="distance">2.0443163</data> </edge>
<edge source="595" target="131"><data key="distance">1.3382678</data> </edge>
<edge source="602" target="131"><data key="distance">1.2853382</data> </edge>
<edge source="619" target="131"><data key="distance">2.0443163</data> </edge>
<edge source="670" target="131"><data key="distance">1.4784315</data> </edge>
<edge source="702" target="131"><data key="distance">1.6692646</data> </edge>
<edge source="716" target="131"><data key="distance">0.8265908</data> </edge>
<edge source="718" target="131"><data key="distance">2.0029218</data> </edge>
<edge source="729" target="131"><data key="distance">1.6870742</data> </edge>
<edge source="751" target="131"><data key="distance">1.30844</data> </edge>
<edge source="756" target="131"><data key="distance">0.8809508</data> </edge>
<edge source="777" target="131"><data key="distance">0.85362995</data> </edge>
<edge source="786" target="131"><data key="distance">1.4860163</data> </edge>
<edge source="812" target="131"><data key="distance">1.2748675</data> </edge>
<edge source="829" target="131"><data key="distance">1.6692646</data> </edge>
</graph>
</graphml>
