<graphml>
<graph edgedefault="directed">
<key id="term" for="node" attr.name="term" attr.type="string"/>
<key id="module" for="node" attr.name="module" attr.type="int"/>
<key id="distance" for="edge" attr.name="distance" attr.type="float"/>
<node id="199">
 <data key="term">classic</data>
 <data key="module">1</data>
</node>
<node id="200">
 <data key="term">classif</data>
 <data key="module">1</data>
</node>
<node id="204">
 <data key="term">closur</data>
 <data key="module">1</data>
</node>
<node id="304">
 <data key="term">d</data>
 <data key="module">1</data>
</node>
<node id="305">
 <data key="term">data</data>
 <data key="module">2</data>
</node>
<node id="306">
 <data key="term">data collect</data>
 <data key="module">3</data>
</node>
<node id="307">
 <data key="term">data compress</data>
 <data key="module">1</data>
</node>
<node id="308">
 <data key="term">data model</data>
 <data key="module">2</data>
</node>
<node id="436">
 <data key="term">estim</data>
 <data key="module">1</data>
</node>
<node id="572">
 <data key="term">heurist</data>
 <data key="module">1</data>
</node>
<node id="628">
 <data key="term">input</data>
 <data key="module">1</data>
</node>
<node id="784">
 <data key="term">multimedia</data>
 <data key="module">2</data>
</node>
<node id="890">
 <data key="term">phase</data>
 <data key="module">1</data>
</node>
<node id="1120">
 <data key="term">storag</data>
 <data key="module">2</data>
</node>
<node id="1144">
 <data key="term">summar</data>
 <data key="module">3</data>
</node>
<edge source="199" target="304"><data key="distance">1.6605296</data> </edge>
<edge source="200" target="304"><data key="distance">1.6841676</data> </edge>
<edge source="204" target="304"><data key="distance">1.6280243</data> </edge>
<edge source="304" target="199"><data key="distance">1.6605296</data> </edge>
<edge source="304" target="200"><data key="distance">1.6841676</data> </edge>
<edge source="304" target="204"><data key="distance">1.6280243</data> </edge>
<edge source="304" target="305"><data key="distance">0.88844573</data> </edge>
<edge source="304" target="306"><data key="distance">0.88844573</data> </edge>
<edge source="304" target="307"><data key="distance">0.8372086</data> </edge>
<edge source="304" target="308"><data key="distance">0.8809508</data> </edge>
<edge source="304" target="436"><data key="distance">1.7414687</data> </edge>
<edge source="304" target="572"><data key="distance">1.2843359</data> </edge>
<edge source="304" target="628"><data key="distance">1.4403398</data> </edge>
<edge source="304" target="784"><data key="distance">0.9036161</data> </edge>
<edge source="304" target="890"><data key="distance">1.5737574</data> </edge>
<edge source="304" target="1120"><data key="distance">1.2940094</data> </edge>
<edge source="304" target="1144"><data key="distance">2.003454</data> </edge>
<edge source="305" target="304"><data key="distance">0.88844573</data> </edge>
<edge source="306" target="304"><data key="distance">0.88844573</data> </edge>
<edge source="307" target="304"><data key="distance">0.8372086</data> </edge>
<edge source="308" target="304"><data key="distance">0.8809508</data> </edge>
<edge source="436" target="304"><data key="distance">1.7414687</data> </edge>
<edge source="572" target="304"><data key="distance">1.2843359</data> </edge>
<edge source="628" target="304"><data key="distance">1.4403398</data> </edge>
<edge source="784" target="304"><data key="distance">0.9036161</data> </edge>
<edge source="890" target="304"><data key="distance">1.5737574</data> </edge>
<edge source="1120" target="304"><data key="distance">1.2940094</data> </edge>
<edge source="1144" target="304"><data key="distance">2.003454</data> </edge>
</graph>
</graphml>
