<graphml>
<graph edgedefault="directed">
<key id="term" for="node" attr.name="term" attr.type="string"/>
<key id="module" for="node" attr.name="module" attr.type="int"/>
<key id="distance" for="edge" attr.name="distance" attr.type="float"/>
<node id="1512">
 <data key="term">web</data>
 <data key="module">3</data>
</node>
<node id="1513">
 <data key="term">web page</data>
 <data key="module">3</data>
</node>
<node id="1514">
 <data key="term">web site</data>
 <data key="module">3</data>
</node>
<node id="1532">
 <data key="term">wide web</data>
 <data key="module">2</data>
</node>
<edge source="1512" target="1513"><data key="distance">0.6800003</data> </edge>
<edge source="1512" target="1514"><data key="distance">0.6470585</data> </edge>
<edge source="1512" target="1532"><data key="distance">0.7499987</data> </edge>
<edge source="1513" target="1512"><data key="distance">0.6800003</data> </edge>
<edge source="1514" target="1512"><data key="distance">0.6470585</data> </edge>
<edge source="1532" target="1512"><data key="distance">0.7499987</data> </edge>
</graph>
</graphml>
