<graphml>
<graph edgedefault="directed">
<key id="term" for="node" attr.name="term" attr.type="string"/>
<key id="module" for="node" attr.name="module" attr.type="int"/>
<key id="distance" for="edge" attr.name="distance" attr.type="float"/>
<node id="2616">
 <data key="term">us two</data>
 <data key="module">3</data>
</node>
<node id="2681">
 <data key="term">weakli</data>
 <data key="module">4</data>
</node>
<node id="2682">
 <data key="term">web</data>
 <data key="module">2</data>
</node>
<node id="2683">
 <data key="term">web search</data>
 <data key="module">2</data>
</node>
<edge source="2616" target="2681"><data key="distance">0.83448195</data> </edge>
<edge source="2681" target="2616"><data key="distance">0.83448195</data> </edge>
<edge source="2681" target="2682"><data key="distance">0.7499987</data> </edge>
<edge source="2681" target="2683"><data key="distance">0.6942663</data> </edge>
<edge source="2682" target="2681"><data key="distance">0.7499987</data> </edge>
<edge source="2683" target="2681"><data key="distance">0.6942663</data> </edge>
</graph>
</graphml>
